CO,CO2,WaitingTime,Controller
87,2682,1436,loop
126,3278,2484,static
93,2830,1693,intelligent20Sec
88,2743,1899,intelligent20SecOffset20
78,2573,1580,intelligent49SecOffset20
71,2463,1341,intelligent49SecOffset25Opt15
40,1525,521,loop3600
55,1804,789,static3600
46,1651,908,intelligent15
44,1609,728,intel5
37,1510,305,intel5Offset60sec20
37,1508,377,intel5Offset60sec40
36,1467,425,intel5Offset60sec30
35,1478,398,intel5Offset60sec10
38,1527,357,intel5Offset100sec45
44,1600,730,intel5Offset20EndHori70sec45
41,1564,589,intel5Offset30EndHori70sec45
39,1557,411,intel5Offset30EndHori70sec20
39,1557,411,intel5Offset60EndHori70sec20


14716,385142,22203,all static-300sec
25418,674395,38010,static18Loop2-300sec
21807,535229,36289,all static-300sec
19966,498689,33127,static18Loop2-300sec
21531,528288,36243,static17Loop3-300sec
20194,501324,33536,staticLoop8-300sec
410820,7976779,696433,staticLoop8-300sec
13992,345461,22482,staticLoop8-300sec
13941,354227,23628,staticLoop8-300sec
667065,15170285,1184290,staticLoop8-300sec
562536,13594696,975675,staticLOW-3600Sec
624879,13949339,1081426,staticLOW-3600Sec
610888,13760652,1017005,staticMAX-3600Sec
432017,10537108,728178,static10Loop10MAX-3600Sec
1559963,43552523,2501391,Loop20MAX-3600Sec
154,5445,3310,loopOutput
307,8011,10807,static
123,4165,3133,static
18,1806,78,loop
214,6497,9803,staticLOW1hour
133,5221,1739,staticLOW1hour
135,5170,1805,loopLOW1hour
141,5264,2093,loopLOW1hour
545,14901,18065,loopLOW1hour
688,17359,26530,loopLOW1hour

21087712395
20906018791
326,10639,5841,staticMID
319,10533,5487,4stratego16static

470,12988,15225,staratego9

20,848,238,mid
21,865,335,staratego9
27,948,1680,loop
28,974,2108,loop
25,934,661,staratego9
24,910,725,str4
20,856,247,s-mid
19,847,230,intell4
19,824,873,loop
25,1030,318,static-mid
19,908,237,loop
23,994,417,intel18
24,1015,293,int4-mid
54,1946,934,int4-Max
62,2067,1866,static-Max
41,1707,859,loop-Max
39,1665,596,int4-9-Max
55,1941,1457,int4-9-max
51,1885,1172,int0-9-max
61,2055,1816,int14only-max
41,1730,484,int0-18-max-20sec
57,1980,2100,int0-20-max-20sec
58,2012,1838,static-max
58,2012,1838,static-max
59,2005,1862,static-max
39,1663,1244,loop-max
39,1669,683,intel-max
21,962,303intel-mid
18,912,536,loop-mid
22,998,315,static-mid
40,1689,700,intel-max
59,2005,1862,STATIC-max
39,1663,1244,LOOP-max
39,1656,1067,LOOP-max
37,1629,702,LOOP-max
40,1695,714,LOOP-max
37,1654,491,intel15sec-max,1522
37,1656,527,intel30sec-max,1549
59,2003,1912,Static-max
29,1107,875,Static-Mid
19,929,348,Static-Mid
29,1107,875,Static-Mid
-----------------------------------------------------------------
CO,CO2,WaitingTime, queueLength,throughput,Controller
-----------------------------------------------------------------
29,1107,875,4206401,1.41,Static-Mid
19,929,348,960492,1.56,loop-Mid
17,911,167,782175,1.48,intel-Mid
39,1676,583,9017616,1.09,intel-max
59,2003,1912,11252254,1.08,Static-Max
35,1592,549,6824403,1.27,actuated-Max
36,1611,586,7080819,1.15,actuated-Max
39,1693,589,11476212,1.09,intell-Max-30sec
39,1691,493,8803944,1.12,intell-Max
9,458,712,1126204,0.38,intell-Low
8,445,154,975526,0.53,intell-Low-40sec
6,406,68,1007642,0.8,loop-Low
9,459,84,1128158,0.79,fixed-Low
7,427,57,624945,0.82,intell-Low -40sec
-----------------------------------------------
BOTH SIDE HEAVY: CASE 2
11,518,234,2427520,0.71,static-Low
62,2091,1712,12202870,0.66,static-Max
62,2091,1712,12202870,0.66,static-Max
37,1656,541,5364911,0.75,actuated-Max
43,1780,920,19528431,0.61,intelligent,Max
31,1245,474,69017,1.67,intelligent,Max
41,1378,1026,2014899,1.67,static,Max
28,1209,419,1411231,1.67,actuated,Max
29,1233,436,1478773,1.67,actuated,Max-considered one

------------------------------------------------------
CASE - 3
35,1462,511,2600300,1.67,actuated,Max
50,1663,1268,2736531,1.67,static,Max
37,1495,501,232993,1.67,intelligent,Max
45,1599,984,2675426,1.67,fixed,Max

-------------------------------------------------
CASE -4
47,1550,1221,2784564,1.67,fixed,Max
29,1288,428,1782613,1.67,actuated,Max - equal green time
30,1299,596,1657175,1.67,actuated,Max considered
32,1346,473,287348,1.67,intelligent,Max
74,1783,8963,427519,1.67,intelligent,Max
43,1444,829,847951,1.67,intelligent,Max
43,1459,733,875891,1.67,intelligent,Max
35,1381,440,207679,1.67,intelligent,Max - 30sec
52,1597,1087,0,1.67,static,Max
52,1597,1087,0,1.67,static,Max
52,1597,1087,0,1.67,static,Max
52,1597,1087,0,1.67,static,Max
52,1597,1087,0,1.67,static,Max
----------------------------------------------------------
NEW DATA
52,1597,1087,0,8.45,static,Max
30,1294,554,0,9.68,actuated,Max
37,1403,541,0,9.91,intelligent,Max
94,3253,2222,0,11.38,intelligent,Max-1000sec
138,3922,5412,0,10.67,static,Max1000sec
76,2957,2053,0,11.02,actuated,Max1000sec
68,2916,864,0,11.76,intelligent,Max1000sec
133,3839,4234,0,10.59,static,Max1000sec
132,3854,4189,0,10.72,static,Max1000sec
---------------------------------------------------------------------
CASE -4 1000SEC WITH NEW ROUTE
137,3959,4343,0,11.05,static,Max1000sec-new route
74,3041,996,0,11.95,intelligent,Max1000sec-40secTimer
86,3136,2525,0,11.06,actuated,Max1000sec
114,3606,3289,967253,11.12,intelligent,Max1000sec

----------------------------------------------
90,3562,1398,593429,13.5,intelligent,Max1000sec
103,3595,3500,699382,12.06,actuated,Max1000sec
90,3556,1181,581451,13.66,intelligent,Max1000sec30SecTimer
512,16891,13045,14698513,16.18,intelligent,Max1000sec30SecTimer
0,3,0,0,0.76,static16,Case4
0,3,0,0,0.76,static16,Case4
-------------------------------------------------------
CASE - 4

294,8143,10134,4558343,13.62,Fixed1600,Case4
181,6247,5988,2437388,13.53,actuated1600,Case4
159,6118,2724,2023734,14.75,intelligent1600,Case4
318,8865,9992,4849740,15.0,Fixed1600,Case3
------------------------------------------------------------
CASE -3
69,2203,2072,325222,11.27,Fixed600,Case3
48,1873,948,180071,11.53,actuated600,Case3
46,1837,566,165554,11.57,intelligent600,Case3
55,1971,1768,226200,11.12,intelligent600,Case3-40SecTimer
45,1874,474,160331,12.35,intelligent600,Case3-40SecTimer-strstegotimer60

--------------------------------------------------------------
CASE - 2

47,1934,559,171821,12.51,intelligent600,Case2-40SecTimerST60
52,1959,1216,209354,11.69,actuated600,Case2-40SecTimerST60

46,1902,614,159592,12.43,intelligent600,Case2-50SecTimerST60

511,17512,12704,16893296,17.88,intelligent3600,Case2-50SecTimerST60
654,19341,24156,23860292,17.15,actuated3600,Case2-50SecTimerST60
----------------------------------------------------------------

46,1921,576,164988,12.68,intelligent600,Case2-50SecTimerST60
57,2014,3874,220219,11.34,intelligent600,Case2-50SecTimerST60
47,1943,704,183752,12.54,intelligent600,Case2-50SecTimerST60
48,1948,632,180209,12.59,intelligent600,Case2-50SecTimerST60
47,1917,588,172560,12.44,intelligent600,Case2-40SecTimerSTCoordinated
47,1930,522,166614,12.64,intelligent600,Case2-35SecTimerST60
47,1904,526,162932,12.16,intelligent600,Case2-30SecTimerST60
45,1883,398,154614,12.27,intelligent600,Case2-20SecTimerST60
621,19058,11550,21740363,17.36,intelligent3600,Case2-20SecTimerST60
-------------------------------------------------------------------
CASE 2 RECORD
97,3772,1164,648998,14.64,intelligent1000,Case2-20SecTimerST60
113,3929,3140,919705,13.62,actuated1000,Case2-20SecTimerST6097
161,4743,5848,1441365,13.75,Fixed1000,Case2-20SecTimerST60

---------------------------------------------------------------------
CASE 3 RECORD
126,4016,3427,1119653,12.84,Fixed1000,Case3
94,3468,2524,707264,12.7,actuated1000,Case3
82,3356,737,533575,13.49,intelligent1000,Case3
---------------------------------------------------------------------------
CASE 4
88,3461,938,605985,13.3,intelligent1000,Case3
100,3606,2951,774871,13.03,actuated1000,Case3
152,4441,5251,1393294,12.5,Fixwd1000,Case3
--------------------------------------------------------------------------
CASE 1 MAX
153,4445,6064,1331861,12.61,Fixwd1000,Case1
108,3728,2829,865168,12.96,actuated1000,Case1
88,3513,821,564228,13.6,intelligent1000,Case1
89,3479,830,616158,13.57,intelligent1000,Case1
87,3462,823,591680,13.57,intelligent1000,Case1
91,3520,955,654486,13.52,intelligent1000,Case1
------------------------------------------------------
major road only
21,859,315,148490,4.29,fixed1000,Case1
8,633,4,2953,4.26,actuated1000,Case1
14,770,56,54710,4.48,intelligent1000,Case1
------------------------------------------------------------ MID-------------
62,2482,952,483213,9.86,Fixed1000,Case1
56,2352,848,379363,9.64,actuated1000,Case1
50,2309,404,268150,10.2,intelligent1000,Case1
50,2322,366,286228,10.29,intelligent1000,Case1
-------------------------------LOW--------------------------------
24,1184,228,142411,5.36,fixed1000,Case1
21,1130,115,88563,5.41,intelligent1000,Case1
20,1112,145,92525,5.33,actuated1000,Case1
-------------------------------------------------------------------2,90,9,415,2.05,Fixed100,Case1
2,90,9,415,2.05,Fixed100,Case1
2,90,9,415,2.05,Fixed100,Case1
2,90,9,415,2.05,Fixed100,Case1
2,90,9,415,2.05,Fixed100,Case1
2,90,9,415,2.05,Fixed100,Case1
2,90,9,415,2.05,Fixed100,Case1
2,90,9,415,2.05,Fixed100,Case1
1,87,2,116,2.63,actuated100,Case1
1,89,1,177,2.3,intelligent100,Case1
2,90,9,415,2.05,Fixed100,Case1
2,90,9,0,2.05,Fixed100,Case1
2,90,9,0,2.05,Fixed100,Case1
2,90,9,0,2.05,Fixed100,Case1
46,1501,924,0,9.34,Fixed500,Case1
35,1357,717,0,9.95,actuated500,Case1
36,1422,742,0,10.0,actuated500,Case1
137,4187,4848,0,12.76,Fixed-Time1000,Case1
132,4138,2896,0,12.91,Fixed-Time1000,Case1
174,4920,7282,0,13.46,Fixed-Time1000,Case1
2,111,11,0,2.14,Fixed-Time100,Case1High
2,110,3,0,3.29,actuated100,Case1High
2,110,3,0,3.29,actuated100,Case1High
2,110,3,0,3.29,actuated100,Case1High
2,110,3,0,3.29,Actuated100,Case1High
0,6,0,0,0.52,Actuated20,Case1High
0,6,0,0,0.52,Actuated20,Case1High
8,355,80,0,6.0,Actuated200,Case1High
8,355,80,0,6.0,Actuated200,Case1High
0,6,0,0,0.52,Actuated20,Case1High
8,355,80,0,6.0,Actuated200,Case1High
9,367,148,0,5.2,Fixed-Time200,Case1High
7,355,36,708,6.34,Intelligent200,Case1High
34,1461,266,16018,11.29,Intelligent500,Case1High
43,1564,1057,0,10.68,Actuated500,Case1High
56,1734,1943,0,9.7,Fixed-Time500,Case1High
658,16534,29961,0,16.07,Fixed-Time2500,Case1High
494,13999,17183,0,16.38,Actuated2500,Case1High
361,12042,4877,1480799,16.86,Intelligent2500,Case1High
658,16534,29961,0,16.07,Fixed-Time2500,Case1High
44,1127,1153,0,1.12,Fixed-Time2500,Case1High
-----------------------------------------------------------------------------------------
148,4217,6604,1319240,13.78,Fixed-Time1000,Case1High
121,3909,3323,920592,14.52,Actuated1000,Case1High
103,3686,1239,746338,15.02,Intelligent1000,Case1High
121,3909,3323,920592,14.52,Actuated1000,Case1High
0,1,0,0,0.27,Actuated10,Case1High
0,1,0,0,0.27,Actuated10,Case1High
0,1,0,0,0.27,Actuated10,Case1High
121,3909,3323,0,14.52,Actuated1000,Case1High
148,4217,6604,0,13.78,Fixed-Time1000,Case1High
108,3719,2380,0,14.56,Intelligent1000,Case1High
0,1,0,0,0.27,Intelligent10,Case1High
0,1,0,0,0.27,Fixed-Time10,Case1High
0,1,0,0,0.27,Fixed-Time10,Case1High
0,1,0,0,0.27,Fixed-Time10,Case1High
----------------------------------------------------------------------------------------------
431,11136,20311,0,15.91,Fixed-Time2000,Case1High
8,310,130,0,5.91,Fixed-Time200,Case1High
0,31,9,0,0.68,Fixed-Time200,Case1High
0,31,9,0,0.68,Fixed-Time200,Case1High
3,139,84,0,1.15,Fixed-Time500,Case1High
3,139,84,0,1.15,Fixed-Time500,Case1High
41,1305,1257,0,9.68,Fixed-Time500,Case1High
35,1265,756,0,10.73,Actuated500,Case1High
107,3532,2745,0,14.03,Actuated1000,Case1High
40,2045
36,1967
36,1977
141,5276
178,5903
141,5276
137,5212
178,5903
770,18264
674,16933
875,20044
"[434, 963, 1728, 2596, 3600, 4627, 5698, 6820, 7982, 9176, 10027, 10630]"
"[374, 869, 1519, 2325, 3150, 4010, 4973, 5946, 6960, 7977, 8657, 9123]"
"[379, 865, 1469, 2166, 2959, 3787, 4761, 5709, 6640, 7609, 8216, 8660]"
"[434, 529, 765, 868, 1004, 1027, 1071, 1122, 1162, 1194, 851, 603, 387, 278, 169, 111, 82, 41, 30, 10, 8, 1, 0, 0]"
"[374, 495, 650, 806, 825, 860, 963, 973, 1014, 1017, 680, 466, 322, 193, 164, 108, 83, 46, 41, 37, 31, 31, 30, 28]"- case3
"[377, 489, 633, 736, 795, 853, 979, 936, 985, 1066, 756, 497, 405, 284, 201, 158, 93, 45, 8, 4, 0, 0, 0, 0]"
"[606, 862, 1142, 1409, 1553, 1585, 1713, 1836, 1891, 2038, 2025, 1999, 2163, 2152, 2143, 2166, 2142, 2119, 2292, 2290, 2283, 2230, 2227, 2322, 2315, 2264, 2376, 2346, 2266, 2328, 2312, 2304, 2117, 2116, 1994, 1920, 1853, 1647, 1448, 1354]"
"[559, 793, 1122, 1312, 1542, 1702, 1808, 1960, 1955, 2037, 2103, 2163, 2244, 2277, 2248, 2168, 2123, 2228, 2307, 2295, 2327, 2326, 2407, 2398, 2403, 2300, 2328, 2335, 2274, 2326, 2347, 2286, 2136, 1874, 1749, 1676, 1531, 1292, 1256, 1122]"
"[567, 790, 1054, 1228, 1380, 1474, 1579, 1645, 1814, 1845, 1824, 1852, 1960, 1939, 1979, 2122, 2027, 1996, 2152, 2075, 2212, 2168, 2191, 2240, 2177, 2073, 2127, 2088, 2159, 2176, 2269, 2206, 1962, 1742, 1603, 1527, 1416, 1259, 1134, 885]"
"[550, 801, 1068, 1223, 1433, 1506, 1657, 1719, 1793, 1814, 1961, 1970, 1946, 1897, 1894, 2045, 2068, 2126, 2152, 2146, 2187, 2180, 2111, 2307, 2232, 2191, 2250, 2218, 2193, 2217, 2256, 2258, 2046, 1908, 1821, 1738, 1554, 1411, 1190, 1062]"
"[175, 126, 144, 192, 157, 140, 168, 173, 196, 182, 201, 178, 178, 190, 223, 144, 139, 184, 133, 148, 179, 183, 177, 175, 198, 207, 165, 166, 196, 137, 156, 162, 154, 170, 197, 179, 87, 55, 51, 23, 9, 5, 0, 0, 0]"
"[173, 120, 140, 147, 157, 131, 148, 160, 197, 153, 161, 145, 164, 172, 158, 128, 144, 142, 143, 139, 158, 160, 167, 165, 173, 182, 158, 147, 169, 150, 146, 140, 140, 164, 168, 133, 79, 52, 27, 12, 3, 0, 0, 0, 0]"
"[163, 101, 127, 148, 151, 129, 125, 154, 166, 146, 164, 159, 153, 154, 161, 149, 133, 140, 137, 139, 159, 164, 157, 161, 151, 165, 162, 128, 177, 140, 140, 149, 155, 174, 166, 132, 92, 56, 21, 17, 3, 0, 0, 0, 0]"
"[251, 258, 328, 389, 320, 369, 365, 405, 448, 438, 420, 408, 380, 382, 432, 438, 381, 411, 406, 385, 448, 478, 354, 401, 423, 417, 437, 484, 404, 406, 442, 431, 388, 464, 473, 385, 305, 189, 135, 97, 36, 23, 16, 6, 0]"
"[240, 267, 294, 306, 317, 393, 365, 425, 402, 376, 382, 340, 344, 332, 397, 392, 382, 415, 413, 363, 407, 442, 371, 364, 384, 353, 390, 400, 376, 435, 441, 407, 438, 455, 437, 369, 218, 130, 75, 62, 21, 16, 15, 12, 12]"
"[232, 221, 243, 323, 316, 313, 314, 389, 421, 400, 416, 410, 363, 410, 363, 356, 339, 364, 312, 327, 325, 359, 336, 331, 358, 334, 304, 347, 356, 321, 335, 354, 345, 356, 354, 352, 220, 94, 60, 41, 15, 5, 2, 0, 0]"
"[354, 520, 575, 696, 971, 780, 850, 960, 1063, 960, 1100, 1112, 1091, 1017, 1160, 1194, 1135, 1113, 1147, 1216, 1122, 1103, 1183, 1290, 1111, 1143, 1180, 1233, 1122, 1251, 1284, 1228, 1183, 1260, 1273, 1192, 983, 826, 724, 469, 440, 365, 268, 214, 213]"
"[331, 440, 584, 674, 755, 738, 884, 917, 853, 920, 989, 993, 978, 892, 888, 906, 904, 915, 921, 880, 950, 975, 849, 1020, 958, 965, 970, 920, 861, 981, 899, 891, 969, 953, 967, 1029, 742, 434, 357, 313, 284, 230, 194, 146, 129]"
"[301, 392, 491, 601, 666, 639, 654, 728, 712, 781, 832, 810, 829, 725, 788, 776, 810, 787, 706, 725, 791, 862, 837, 783, 813, 821, 822, 866, 846, 813, 804, 828, 794, 764, 781, 818, 604, 363, 331, 298, 193, 165, 103, 66, 41]"
"[404, 629, 826, 944, 1317, 1204, 1364, 1549, 1530, 1625, 1709, 1815, 1711, 1682, 1812, 1779, 1797, 1763, 1952, 1806, 1833, 2007, 1857, 1943, 1900, 1923, 1855, 1820, 1960, 1938, 1932, 1997, 1992, 1935, 1852, 2009, 1703, 1585, 1569, 1524, 1518, 1541, 1458, 1331, 1344]"
"[391, 540, 764, 845, 1060, 1161, 1300, 1374, 1248, 1374, 1526, 1537, 1404, 1547, 1542, 1514, 1635, 1652, 1651, 1655, 1685, 1661, 1606, 1735, 1769, 1808, 1747, 1761, 1775, 1807, 1826, 1792, 1759, 1770, 1759, 1772, 1619, 1524, 1330, 1160, 1075, 1013, 867, 739, 628]"
"[365, 497, 711, 762, 898, 1035, 1134, 1290, 1330, 1468, 1537, 1464, 1415, 1555, 1487, 1448, 1416, 1509, 1546, 1500, 1501, 1500, 1447, 1570, 1502, 1614, 1575, 1610, 1600, 1711, 1639, 1661, 1644, 1640, 1643, 1681, 1412, 1223, 1123, 881, 830, 758, 755, 663, 702]"
"[413, 557, 834, 967, 1140, 1139, 1236, 1314, 1392, 1551, 1459, 1449, 1605, 1591, 1697, 1644, 1567, 1623, 1602, 1781, 1653, 1731, 1713, 1770, 1866, 1739, 1675, 1812, 1791, 1820, 1773, 1705, 1750, 1855, 1918, 1840, 1712, 1522, 1394, 1199, 1024, 911, 785, 758, 680]"
"[383, 521, 766, 833, 965, 1009, 1027, 1104, 1204, 1260, 1227, 1271, 1427, 1345, 1355, 1319, 1461, 1493, 1530, 1546, 1566, 1531, 1445, 1495, 1476, 1601, 1584, 1606, 1567, 1567, 1521, 1502, 1580, 1694, 1709, 1697, 1442, 1350, 1199, 1022, 873, 631, 511, 464, 387]"
"[371, 500, 748, 869, 1052, 1122, 1099, 1230, 1198, 1249, 1249, 1188, 1174, 1144, 1216, 1231, 1272, 1308, 1303, 1404, 1400, 1446, 1372, 1391, 1437, 1459, 1461, 1458, 1448, 1533, 1435, 1358, 1464, 1434, 1426, 1351, 1136, 987, 773, 643, 433, 358, 288, 215, 217]"
"[453, 532, 745, 789, 820, 882, 906, 958, 996, 977, 1094, 1013, 1093, 1073, 1008, 1065, 1125, 1146, 1099, 1091, 1137, 1144, 1112, 1167, 1170, 1139, 1115, 1091, 1145, 1125, 1220, 1222, 1194, 1223, 1231, 1236, 1041, 888, 833, 772, 630, 531, 485, 446, 391]"
"[367, 485, 688, 739, 829, 862, 969, 965, 1056, 1089, 1101, 1059, 1105, 1114, 1103, 1141, 1109, 1190, 1149, 1105, 1164, 1168, 1110, 1184, 1251, 1218, 1216, 1213, 1293, 1253, 1305, 1371, 1348, 1400, 1423, 1381, 1237, 1140, 1020, 885, 771, 630, 506, 489, 342]"
"[382, 465, 659, 771, 831, 956, 1050, 1070, 1000, 1127, 1163, 1069, 1053, 1088, 988, 1111, 1132, 1222, 1184, 1173, 1262, 1353, 1270, 1305, 1320, 1374, 1271, 1277, 1237, 1339, 1395, 1384, 1376, 1275, 1281, 1315, 1101, 1007, 884, 824, 699, 554, 481, 431, 400]"
"[413, 557, 834, 967, 1140, 1139, 1236, 1314, 1392, 1551, 1459, 1449, 1605, 1591, 1697, 1644, 1567, 1623, 1602, 1781, 1653, 1731, 1713, 1770, 1866, 1739, 1675, 1812, 1791, 1820, 1773, 1705, 1750, 1855, 1918, 1840, 1712, 1522, 1394, 1199, 1024, 911, 785, 758, 680]"
"[452, 741, 857, 1011, 1421, 1342, 1456, 1690, 1631, 1740, 1748, 1851, 1762, 1774, 1961, 1870, 1893, 1933, 1978, 1955, 1958, 2151, 1995, 2023, 2056, 2052, 2010, 2028, 2230, 2122, 2113, 2144, 2138, 2119, 2109, 2206, 1925, 1842, 1904, 1868, 1826, 1829, 1959, 1840, 1804]"
"[425, 626, 776, 972, 1136, 1253, 1363, 1413, 1452, 1618, 1644, 1561, 1584, 1669, 1838, 1822, 1837, 1864, 1911, 1815, 1915, 1881, 1950, 1960, 1992, 1926, 1926, 1878, 2045, 2009, 1958, 1934, 1997, 1866, 1870, 1919, 1739, 1755, 1569, 1613, 1631, 1584, 1534, 1548, 1494]"
"[420, 600, 766, 901, 1103, 1128, 1228, 1311, 1386, 1482, 1554, 1564, 1513, 1553, 1665, 1700, 1723, 1670, 1756, 1726, 1675, 1761, 1847, 1823, 1732, 1737, 1744, 1784, 1743, 1830, 1817, 1792, 1760, 1689, 1704, 1709, 1549, 1387, 1333, 1336, 1414, 1424, 1377, 1338, 1312]"
"[438, 532, 675, 681, 807, 820, 891, 924, 939, 1004, 1051, 1045, 1036, 964, 983, 1048, 1062, 1068, 1101, 1177, 1245, 1273, 1189, 1227, 1232, 1201, 1268, 1219, 1242, 1309, 1328, 1312, 1325, 1347, 1342, 1347, 1368, 1307, 1416, 1391, 1397, 1361, 1392, 1405, 1409, 1411, 1399, 1480, 1441, 1438, 1478, 1425, 1478, 1493, 1412, 1455, 1473, 1576, 1445, 1420, 1438, 1465, 1487, 1418, 1489, 1180, 1000, 857, 833, 790, 751, 689]"
"[385, 489, 671, 674, 718, 750, 854, 863, 916, 998, 1024, 1038, 1096, 1051, 1066, 1182, 1179, 1145, 1219, 1176, 1194, 1129, 1056, 1064, 1080, 1047, 1099, 1115, 1140, 1187, 1206, 1149, 1188, 1164, 1182, 1175, 1124, 1153, 1145, 1169, 1194, 1206, 1290, 1281, 1308, 1300, 1326, 1313, 1354, 1395, 1470, 1482, 1424, 1381, 1481, 1395, 1374, 1482, 1408, 1406, 1349, 1502, 1446, 1481, 1530, 1272, 1062, 700, 579, 492, 398, 363]"
"[377, 454, 688, 737, 736, 785, 947, 873, 959, 1025, 1178, 1093, 1099, 1011, 1064, 1119, 1072, 1131, 1097, 1110, 1140, 1130, 1205, 1129, 1150, 1138, 1137, 1217, 1238, 1256, 1323, 1314, 1322, 1332, 1229, 1291, 1245, 1230, 1283, 1290, 1324, 1291, 1331, 1255, 1188, 1193, 1280, 1216, 1195, 1173, 1153, 1153, 1170, 1258, 1169, 1144, 1198, 1189, 1200, 1264, 1149, 1237, 1272, 1278, 1278, 930, 760, 653, 523, 497, 447, 423]"
"[482, 776, 1009, 1174, 1554, 1488, 1558, 1681, 1739, 1887, 1828, 1995, 1964, 1959, 2124, 1991, 2061, 1947, 2007, 1974, 1995, 2191, 2087, 2115, 2085, 2141, 2160, 2050, 2254, 2091, 2112, 2095, 2031, 2006, 2044, 2153, 2083, 2077, 2154, 2132, 2253, 2098, 2183, 2154, 2144, 2292, 2158, 2212, 2258, 2318, 2314, 2355, 2433, 2343, 2413, 2346, 2386, 2415, 2312, 2359, 2279, 2269, 2346, 2299, 2446, 2194, 2207, 2074, 1949, 2038, 2034, 1963]"
"[443, 642, 927, 1037, 1253, 1337, 1457, 1568, 1542, 1712, 1779, 1945, 1972, 1835, 1884, 1886, 1968, 2031, 2082, 2115, 2009, 1966, 2135, 2128, 2068, 2017, 2048, 2071, 2143, 2102, 2122, 2101, 2040, 2060, 2006, 2020, 1992, 2028, 2110, 2096, 2073, 2090, 1985, 2021, 1901, 1961, 2051, 2091, 2064, 2107, 2180, 2172, 2069, 2155, 2178, 2208, 2206, 2150, 2126, 2232, 2198, 2211, 2177, 2084, 2264, 2117, 1905, 1910, 1896, 1853, 1733, 1791]"
"[434, 657, 824, 1069, 1177, 1379, 1397, 1497, 1480, 1607, 1715, 1732, 1801, 1771, 1746, 1783, 1738, 1891, 1781, 1804, 1743, 1772, 1765, 1865, 1886, 1881, 1981, 1857, 1912, 1921, 1886, 1993, 2052, 2101, 2177, 2150, 2094, 2150, 2188, 2134, 2128, 2148, 2142, 2104, 2087, 2118, 2071, 2098, 2176, 2238, 2330, 2301, 2243, 2173, 2105, 2140, 2132, 2163, 2110, 2122, 2055, 1993, 2021, 1958, 2091, 1954, 1772, 1682, 1654, 1503, 1600, 1582]"
"[433, 707, 884, 1101, 1433, 1355, 1447, 1678, 1706, 1750, 1741, 1891, 1814, 1798, 1913, 1836, 1926, 1810, 1913, 1845, 1858, 1996, 1863, 1856, 1906, 1865, 1907, 1885, 2050, 1858, 1868, 1966, 1920, 1898, 1838, 2059, 1971, 2021, 2103, 2104, 2064, 2085, 2151, 2099, 2065, 2213, 2136, 2286, 2208, 2205, 2139, 2055, 2366, 2123, 2207, 2148, 2186, 2210, 2091, 2258, 2130, 2074, 2168, 2168, 2233, 2108, 2132, 1950, 1926, 2092, 2005, 2000]"
"[405, 577, 858, 993, 1188, 1220, 1291, 1404, 1564, 1641, 1658, 1590, 1586, 1583, 1655, 1688, 1770, 1833, 1753, 1878, 1898, 1818, 1911, 1854, 1787, 1802, 1885, 1969, 1893, 1898, 1901, 1905, 1917, 1967, 1950, 2076, 2043, 2028, 2133, 2124, 1968, 2008, 2033, 2128, 2118, 1992, 1950, 2037, 2100, 2157, 2102, 2079, 2177, 2061, 2071, 2172, 2065, 1972, 2048, 2098, 2152, 2129, 2006, 2149, 2165, 1979, 1866, 1753, 1761, 1759, 1748, 1722]"
"[403, 567, 785, 1023, 1151, 1260, 1276, 1328, 1314, 1402, 1533, 1543, 1595, 1578, 1522, 1534, 1601, 1510, 1640, 1568, 1607, 1628, 1625, 1679, 1727, 1710, 1683, 1696, 1725, 1725, 1751, 1743, 1748, 1730, 1675, 1757, 1822, 1726, 1754, 1798, 1794, 1879, 1801, 1894, 1940, 1786, 1752, 1724, 1829, 1744, 1715, 1777, 1874, 1762, 1792, 1850, 1772, 1805, 1805, 1843, 1803, 1859, 1745, 1825, 1886, 1628, 1593, 1561, 1479, 1450, 1406, 1385]"
"[409, 601, 890, 1028, 1231, 1223, 1327, 1396, 1463, 1503, 1465, 1527, 1550, 1656, 1800, 1764, 1787, 1807, 1878, 1836, 1788, 1888, 1990, 2017, 2018, 1995, 1950, 1975, 2018, 2046, 2043, 2027, 2025, 2040, 2167, 2071, 2006, 2098, 2027, 2056, 2032, 2104, 2174, 2190, 2157, 2070, 2104, 2046, 2102, 2164, 2087, 2235, 2273, 2255, 2271, 2178, 2118, 2224, 2172, 2226, 2150, 2176, 2148, 2228, 2213, 2085, 2018, 2007, 1965, 1920, 1759, 1762]"
"[364, 550, 777, 877, 984, 1079, 1159, 1267, 1269, 1311, 1414, 1379, 1457, 1456, 1521, 1645, 1636, 1763, 1681, 1716, 1763, 1825, 1816, 1762, 1753, 1875, 1851, 1892, 1837, 1851, 1901, 1872, 1917, 1840, 1814, 1862, 1870, 1985, 2012, 2029, 1992, 1962, 1967, 1982, 1964, 1975, 1992, 1959, 1962, 2103, 1995, 1963, 2041, 2026, 2147, 2129, 2070, 2087, 1988, 2068, 2114, 2176, 2104, 2164, 2162, 1916, 1806, 1865, 1793, 1804, 1699, 1567]"
"[360, 574, 695, 830, 971, 1041, 1118, 1211, 1248, 1228, 1285, 1291, 1328, 1384, 1401, 1501, 1522, 1529, 1546, 1471, 1582, 1573, 1523, 1506, 1558, 1554, 1560, 1653, 1617, 1674, 1710, 1594, 1576, 1645, 1548, 1625, 1562, 1537, 1560, 1559, 1649, 1808, 1774, 1787, 1730, 1788, 1827, 1783, 1669, 1702, 1678, 1721, 1757, 1749, 1741, 1611, 1690, 1748, 1633, 1767, 1741, 1743, 1772, 1819, 1781, 1582, 1548, 1467, 1352, 1247, 1158, 1123]"
"[437, 599, 696, 819, 867, 884, 955, 997, 1007, 1034, 1112, 1064, 1062, 998, 1062, 1110, 1080, 1043, 1111, 1105, 1167, 1208, 1198, 1215, 1185, 1222, 1191, 1219, 1185, 1197, 1263, 1255, 1269, 1269, 1327, 1320, 1329, 1361, 1384, 1397, 1400, 1434, 1510, 1369, 1378, 1396, 1407, 1385, 1321, 1346, 1398, 1457, 1455, 1457, 1481, 1439, 1496, 1499, 1401, 1445, 1403, 1483, 1460, 1480, 1430, 1252, 1223, 1097, 1004, 941, 893, 791]"
"[386, 575, 692, 790, 867, 944, 968, 974, 991, 1031, 1114, 989, 1023, 1016, 1096, 1095, 1083, 1064, 1117, 1086, 1140, 1091, 1141, 1050, 1132, 1165, 1183, 1216, 1287, 1236, 1292, 1257, 1229, 1163, 1138, 1231, 1228, 1254, 1214, 1243, 1257, 1305, 1353, 1361, 1338, 1307, 1344, 1322, 1385, 1380, 1376, 1428, 1404, 1417, 1402, 1326, 1338, 1393, 1398, 1359, 1357, 1300, 1311, 1310, 1312, 1135, 997, 843, 912, 801, 735, 622]"
"[356, 558, 674, 781, 965, 1007, 928, 1029, 1015, 1090, 1173, 1068, 1135, 1074, 1038, 1060, 1133, 1077, 1069, 1132, 1185, 1224, 1167, 1138, 1248, 1221, 1211, 1203, 1234, 1191, 1209, 1279, 1250, 1196, 1277, 1266, 1275, 1301, 1376, 1297, 1270, 1216, 1293, 1285, 1264, 1226, 1274, 1377, 1269, 1270, 1360, 1264, 1326, 1364, 1361, 1264, 1259, 1262, 1169, 1234, 1376, 1359, 1440, 1272, 1237, 994, 905, 822, 780, 662, 665, 567]"
"[380, 472, 662, 753, 778, 854, 954, 900, 990, 990, 1061, 989, 1058, 994, 945, 1081, 1096, 1093, 1047, 1059, 1169, 1080, 1032, 1167, 1158, 1094, 1139, 1109, 1107, 1116, 1164, 1132, 1181, 1180, 1162, 1208, 1190, 1222, 1221, 1285, 1234, 1192, 1269, 1220, 1226, 1187, 1203, 1274, 1220, 1199, 1213, 1194, 1222, 1260, 1242, 1150, 1165, 1126, 1156, 1225, 1194, 1235, 1240, 1138, 1184, 1021, 767, 667, 537, 483, 443, 412]"
"[175, 126, 144, 192, 157, 140, 168, 173, 196, 182, 201, 178, 178, 190, 223, 144, 139, 184, 133, 148, 179, 183, 177, 175, 198, 207, 165, 166, 196, 137, 156, 162, 154, 170, 197, 179, 167, 173, 219, 215, 182, 168, 201, 159, 197, 167, 171, 200, 166, 179, 183, 145, 170, 162, 167, 169, 222, 155, 167, 171, 182, 173, 167, 163, 180, 80, 72, 43, 27, 8, 0, 0]"
"[173, 120, 140, 147, 157, 131, 148, 160, 197, 153, 161, 145, 164, 172, 158, 128, 144, 142, 143, 139, 158, 160, 167, 165, 173, 182, 158, 147, 169, 150, 146, 140, 140, 164, 168, 133, 153, 149, 196, 175, 192, 166, 165, 160, 184, 153, 152, 172, 152, 170, 144, 145, 157, 144, 159, 162, 198, 157, 151, 150, 164, 159, 146, 147, 155, 79, 45, 30, 13, 9, 1, 0]"
"[164, 108, 133, 138, 136, 124, 137, 163, 174, 165, 153, 139, 150, 151, 153, 150, 128, 138, 148, 139, 152, 157, 164, 144, 155, 167, 165, 138, 174, 135, 152, 159, 190, 151, 173, 138, 159, 157, 178, 164, 189, 148, 180, 147, 173, 136, 129, 159, 148, 163, 115, 146, 148, 143, 146, 156, 153, 162, 147, 159, 137, 146, 139, 152, 127, 74, 36, 37, 14, 5, 2, 0]"
"[251, 258, 328, 389, 320, 369, 365, 405, 448, 438, 420, 408, 380, 382, 432, 438, 381, 411, 406, 385, 448, 478, 354, 401, 423, 417, 437, 484, 404, 406, 442, 431, 388, 464, 473, 385, 477, 449, 475, 472, 422, 405, 463, 454, 446, 480, 422, 412, 406, 439, 373, 446, 419, 380, 451, 413, 364, 391, 410, 385, 384, 414, 375, 439, 491, 261, 183, 148, 90, 52, 18, 3]"
"[240, 267, 294, 306, 317, 393, 365, 425, 402, 376, 382, 340, 344, 332, 397, 392, 382, 415, 413, 363, 407, 442, 371, 364, 384, 353, 390, 400, 376, 435, 441, 407, 438, 455, 437, 369, 406, 389, 373, 365, 364, 377, 392, 398, 406, 439, 353, 404, 335, 359, 400, 426, 413, 380, 370, 368, 379, 372, 392, 405, 358, 373, 361, 379, 381, 198, 177, 108, 91, 73, 47, 36]"
"[233, 231, 238, 309, 326, 353, 348, 381, 390, 390, 469, 444, 357, 345, 339, 314, 334, 311, 339, 305, 345, 343, 308, 315, 392, 313, 321, 339, 351, 345, 321, 360, 382, 360, 333, 324, 341, 359, 345, 319, 324, 347, 313, 367, 380, 381, 341, 353, 343, 414, 377, 356, 369, 356, 381, 322, 310, 306, 334, 330, 277, 320, 329, 341, 337, 181, 127, 64, 54, 24, 7, 0]"
"[354, 520, 575, 696, 971, 780, 850, 960, 1063, 960, 1100, 1112, 1091, 1017, 1160, 1194, 1135, 1113, 1147, 1216, 1122, 1103, 1183, 1290, 1111, 1143, 1180, 1233, 1122, 1251, 1284, 1228, 1183, 1260, 1273, 1192, 1191, 1191, 1322, 1158, 1213, 1203, 1409, 1216, 1311, 1366, 1374, 1274, 1281, 1348, 1357, 1358, 1285, 1397, 1257, 1220, 1310, 1469, 1360, 1400, 1380, 1389, 1274, 1351, 1301, 1089, 948, 895, 758, 543, 544, 535]"
"[331, 440, 584, 674, 755, 738, 884, 917, 853, 920, 989, 993, 978, 892, 888, 906, 904, 915, 921, 880, 950, 975, 849, 1020, 958, 965, 970, 920, 861, 981, 899, 891, 969, 953, 967, 1029, 973, 879, 989, 919, 832, 950, 949, 913, 1007, 994, 974, 1025, 983, 980, 1003, 975, 919, 989, 890, 957, 953, 948, 925, 1071, 871, 939, 952, 900, 989, 641, 527, 353, 351, 274, 239, 219]"
"[317, 402, 516, 533, 662, 684, 741, 803, 772, 890, 838, 831, 795, 740, 811, 837, 895, 867, 873, 833, 875, 889, 890, 832, 856, 837, 750, 791, 832, 801, 814, 877, 833, 875, 836, 855, 822, 819, 809, 774, 834, 870, 854, 841, 804, 895, 881, 801, 840, 833, 923, 790, 835, 852, 803, 772, 764, 862, 876, 839, 810, 760, 890, 833, 826, 543, 404, 403, 373, 266, 234, 179]"
"[433, 707, 884, 1101, 1433, 1355, 1447, 1678, 1706, 1750, 1741, 1891, 1814, 1798, 1913, 1836, 1926, 1810, 1913, 1845, 1858, 1996, 1863, 1856, 1906, 1865, 1907, 1885, 2050, 1858, 1868, 1966, 1920, 1898, 1838, 2059, 1971, 2021, 2103, 2104, 2064, 2085, 2151, 2099, 2065, 2213, 2136, 2286, 2208, 2205, 2139, 2055, 2366, 2123, 2207, 2148, 2186, 2210, 2091, 2258, 2130, 2074, 2168, 2168, 2233, 2108, 2132, 1950, 1926, 2092, 2005, 2000]"
"[411, 592, 888, 989, 1161, 1285, 1342, 1423, 1523, 1559, 1579, 1643, 1680, 1647, 1609, 1681, 1805, 1810, 1764, 1819, 1851, 1752, 1917, 1904, 1920, 1886, 1912, 1845, 1863, 1773, 1860, 1908, 1771, 1790, 1721, 1805, 1905, 1950, 1960, 2083, 1954, 2059, 2035, 2079, 2061, 1952, 1995, 2111, 2056, 2068, 1965, 1984, 2124, 2109, 1998, 2006, 1998, 1978, 1989, 2019, 2019, 2106, 2047, 2104, 2278, 2151, 2042, 1934, 1930, 1864, 1827, 1855]"
"[406, 593, 800, 969, 998, 1200, 1160, 1238, 1312, 1390, 1457, 1525, 1469, 1493, 1439, 1533, 1520, 1501, 1482, 1488, 1469, 1594, 1622, 1656, 1731, 1658, 1682, 1641, 1681, 1758, 1853, 1762, 1814, 1735, 1696, 1793, 1794, 1784, 1865, 1887, 1816, 1899, 1890, 1859, 1932, 1916, 1976, 1974, 1964, 1783, 1882, 1935, 1864, 1819, 1893, 1841, 1942, 1956, 2046, 2053, 2118, 2063, 2141, 2071, 2086, 1923, 1713, 1646, 1574, 1592, 1517, 1491]"
"[409, 601, 890, 1028, 1231, 1223, 1327, 1396, 1463, 1503, 1465, 1527, 1550, 1656, 1800, 1764, 1787, 1807, 1878, 1836, 1788, 1888, 1990, 2017, 2018, 1995, 1950, 1975, 2018, 2046, 2043, 2027, 2025, 2040, 2167, 2071, 2006, 2098, 2027, 2056, 2032, 2104, 2174, 2190, 2157, 2070, 2104, 2046, 2102, 2164, 2087, 2235, 2273, 2255, 2271, 2178, 2118, 2224, 2172, 2226, 2150, 2176, 2148, 2228, 2213, 2085, 2018, 2007, 1965, 1920, 1759, 1762]"
"[372, 580, 790, 892, 1035, 1048, 1146, 1272, 1312, 1409, 1506, 1518, 1500, 1569, 1679, 1776, 1712, 1751, 1739, 1836, 1864, 1881, 1956, 1941, 1822, 1830, 1900, 1951, 1946, 1988, 2062, 1999, 1969, 1929, 1953, 2006, 2068, 1973, 1948, 1963, 2048, 1998, 1992, 2009, 1999, 2141, 2098, 2167, 2194, 2268, 2226, 2230, 2201, 2195, 2134, 2151, 2206, 2229, 2202, 2265, 2205, 2170, 2081, 2219, 2194, 1981, 1839, 1852, 1830, 1835, 1709, 1578]"
"[356, 552, 749, 861, 1004, 1082, 1109, 1108, 1158, 1281, 1321, 1297, 1268, 1380, 1384, 1421, 1463, 1477, 1465, 1436, 1573, 1573, 1595, 1588, 1563, 1478, 1550, 1589, 1529, 1600, 1631, 1558, 1559, 1606, 1739, 1686, 1678, 1667, 1668, 1717, 1878, 1829, 1721, 1759, 1708, 1657, 1672, 1653, 1693, 1672, 1730, 1829, 1809, 1817, 1749, 1728, 1709, 1644, 1641, 1752, 1684, 1665, 1687, 1709, 1773, 1606, 1420, 1467, 1317, 1246, 1154, 1067]"
"[438, 532, 675, 681, 807, 820, 891, 924, 939, 1004, 1051, 1045, 1036, 964, 983, 1048, 1062, 1068, 1101, 1177, 1245, 1273, 1189, 1227, 1232, 1201, 1268, 1219, 1242, 1309, 1328, 1312, 1325, 1347, 1342, 1347, 1368, 1307, 1416, 1391, 1397, 1361, 1392, 1405, 1409, 1411, 1399, 1480, 1441, 1438, 1478, 1425, 1478, 1493, 1412, 1455, 1473, 1576, 1445, 1420, 1438, 1465, 1487, 1418, 1489, 1180, 1000, 857, 833, 790, 751, 689]"
"[382, 512, 707, 756, 782, 804, 771, 827, 844, 942, 998, 990, 1106, 1023, 925, 1111, 1180, 1176, 1288, 1283, 1363, 1340, 1308, 1320, 1324, 1324, 1368, 1275, 1253, 1262, 1286, 1259, 1356, 1416, 1396, 1405, 1373, 1430, 1424, 1429, 1390, 1440, 1460, 1529, 1460, 1335, 1451, 1413, 1346, 1415, 1463, 1401, 1356, 1342, 1363, 1295, 1347, 1358, 1373, 1200, 1303, 1402, 1296, 1276, 1260, 989, 867, 579, 457, 422, 401, 367]"
"[377, 463, 708, 751, 886, 916, 1049, 1045, 1063, 1143, 1159, 1109, 1042, 1011, 1098, 1200, 1161, 1205, 1187, 1115, 1181, 1142, 1128, 1095, 1131, 1140, 1185, 1139, 1160, 1127, 1210, 1094, 1129, 1123, 1155, 1242, 1219, 1180, 1187, 1164, 1243, 1254, 1277, 1197, 1216, 1197, 1223, 1322, 1415, 1372, 1394, 1338, 1356, 1425, 1385, 1244, 1279, 1296, 1355, 1286, 1291, 1286, 1347, 1281, 1300, 999, 785, 695, 613, 521, 482, 423]"
"[172, 109, 118, 184, 147, 182, 202, 159, 169, 196, 188, 200, 169, 165, 211, 165, 168, 193, 183, 166, 161, 168, 151, 161, 155, 211, 161, 185, 193, 148, 157, 178, 121, 144, 168, 167, 166, 159, 156, 178, 150, 144, 186, 123, 137, 171, 180, 168, 165, 180, 230, 154, 193, 205, 154, 170, 162, 160, 159, 183, 188, 174, 139, 152, 165, 58, 64, 34, 13, 9, 2, 0]"
"[161, 93, 113, 158, 138, 168, 168, 159, 160, 157, 181, 168, 165, 154, 157, 155, 143, 156, 153, 168, 122, 159, 153, 130, 149, 188, 155, 175, 165, 150, 166, 144, 129, 157, 141, 128, 150, 133, 139, 139, 158, 134, 162, 117, 150, 143, 146, 159, 141, 158, 185, 171, 160, 174, 151, 161, 131, 147, 137, 161, 176, 155, 125, 121, 125, 65, 36, 22, 10, 4, 2, 2]"
"[159, 97, 112, 154, 135, 157, 164, 159, 145, 156, 155, 161, 133, 147, 149, 145, 137, 136, 156, 152, 123, 149, 140, 120, 146, 172, 146, 150, 153, 135, 155, 149, 133, 149, 148, 123, 153, 139, 143, 117, 160, 134, 150, 103, 127, 164, 161, 145, 137, 171, 162, 154, 150, 169, 133, 148, 141, 164, 146, 150, 135, 147, 118, 127, 123, 75, 32, 31, 8, 5, 1, 0]"
"[250, 248, 371, 374, 373, 433, 382, 407, 439, 457, 398, 430, 417, 421, 416, 505, 430, 452, 435, 411, 457, 477, 429, 399, 429, 403, 439, 452, 385, 432, 402, 382, 369, 418, 409, 384, 473, 373, 413, 419, 428, 402, 426, 372, 396, 381, 420, 385, 442, 473, 447, 392, 452, 428, 429, 481, 427, 431, 470, 435, 453, 413, 355, 394, 455, 236, 158, 117, 80, 38, 15, 4]"
"[251, 255, 321, 350, 381, 378, 391, 373, 405, 397, 383, 358, 379, 371, 364, 438, 402, 446, 373, 368, 377, 389, 397, 375, 365, 360, 390, 372, 422, 435, 385, 395, 354, 381, 379, 393, 429, 356, 401, 395, 415, 416, 420, 340, 391, 384, 354, 395, 399, 448, 424, 416, 389, 429, 418, 453, 417, 384, 413, 407, 389, 393, 357, 399, 391, 192, 105, 64, 57, 24, 6, 4]"
"[249, 214, 289, 306, 329, 353, 324, 358, 401, 374, 419, 404, 383, 334, 367, 386, 332, 370, 332, 342, 364, 364, 321, 314, 332, 315, 357, 343, 354, 367, 314, 324, 304, 329, 328, 313, 384, 290, 310, 339, 354, 325, 303, 303, 339, 333, 351, 299, 359, 376, 387, 343, 354, 372, 312, 417, 369, 313, 336, 398, 442, 411, 420, 372, 374, 230, 118, 68, 38, 18, 9, 0]"
"[350, 463, 509, 639, 881, 747, 764, 861, 1030, 847, 982, 990, 967, 920, 1018, 1043, 1043, 969, 1083, 1189, 1054, 1106, 1065, 1226, 992, 1086, 1030, 1143, 1024, 1100, 1151, 1127, 1106, 1143, 1156, 1065, 1075, 1135, 1244, 1114, 1153, 1153, 1244, 1106, 1154, 1170, 1218, 1130, 1190, 1264, 1172, 1173, 1224, 1385, 1249, 1286, 1345, 1437, 1264, 1344, 1318, 1358, 1211, 1311, 1280, 1030, 832, 774, 536, 378, 389, 375]"
"[339, 402, 508, 674, 638, 770, 740, 811, 832, 874, 856, 944, 875, 895, 1004, 857, 960, 938, 925, 853, 979, 925, 859, 924, 975, 851, 872, 939, 963, 927, 900, 911, 955, 927, 935, 886, 861, 926, 846, 947, 977, 974, 921, 941, 851, 894, 906, 903, 913, 885, 898, 977, 946, 919, 1015, 1059, 1005, 954, 1016, 999, 1045, 971, 999, 1015, 1009, 752, 507, 462, 358, 300, 226, 183]"
"[322, 357, 457, 511, 551, 610, 617, 643, 683, 715, 776, 754, 628, 732, 708, 692, 756, 731, 712, 777, 725, 745, 721, 683, 727, 709, 640, 708, 741, 701, 753, 703, 763, 694, 727, 735, 733, 741, 682, 705, 736, 789, 677, 776, 785, 838, 932, 912, 870, 927, 944, 957, 841, 853, 862, 911, 919, 903, 840, 843, 868, 757, 839, 777, 842, 597, 401, 363, 391, 273, 203, 132]"
"[445, 678, 852, 1028, 1448, 1351, 1484, 1601, 1627, 1644, 1654, 1850, 1756, 1756, 1911, 1860, 1814, 1829, 1951, 1833, 1886, 2107, 1950, 1961, 1839, 1967, 1914, 1882, 2087, 1972, 1997, 2081, 2039, 1948, 1962, 2156, 1972, 1943, 2114, 2119, 2135, 2178, 2214, 2095, 2089, 2217, 2074, 2231, 2193, 2283, 2198, 2241, 2360, 2178, 2245, 2149, 2243, 2256, 2137, 2280, 2102, 2154, 2240, 2196, 2223, 2068, 2231, 2081, 1975, 2058, 2024, 1968]"
"[415, 561, 793, 953, 1144, 1330, 1408, 1398, 1433, 1503, 1472, 1527, 1641, 1668, 1705, 1734, 1693, 1723, 1705, 1668, 1831, 1774, 1844, 1830, 1868, 1821, 1824, 1869, 1796, 1854, 1878, 1927, 1860, 1930, 1938, 1939, 1989, 2045, 1928, 1897, 1997, 2008, 1992, 1939, 1954, 1912, 2018, 2001, 1972, 2035, 2038, 2003, 2043, 2032, 1975, 2097, 2059, 2071, 2092, 2059, 1942, 1989, 2007, 2118, 2111, 2014, 1917, 1868, 1866, 1746, 1769, 1775]"
"[406, 577, 758, 876, 1006, 1107, 1214, 1273, 1300, 1375, 1413, 1501, 1540, 1610, 1519, 1542, 1498, 1566, 1639, 1604, 1719, 1709, 1723, 1683, 1653, 1678, 1678, 1665, 1666, 1728, 1606, 1817, 1773, 1726, 1778, 1606, 1637, 1624, 1628, 1632, 1699, 1733, 1690, 1641, 1704, 1676, 1720, 1741, 1789, 1882, 2023, 2019, 2080, 1975, 1953, 1892, 1819, 1874, 1958, 1914, 1824, 1871, 1919, 1820, 1916, 1717, 1600, 1602, 1481, 1496, 1480, 1441]"
"[410, 599, 833, 1079, 1221, 1275, 1340, 1377, 1444, 1600, 1572, 1596, 1651, 1799, 1832, 1813, 1739, 1772, 1821, 1791, 1796, 1834, 1806, 1856, 2011, 1970, 1981, 1965, 2015, 2090, 1990, 2052, 2037, 2065, 2134, 2041, 2054, 1999, 2021, 2023, 1989, 1931, 1996, 2046, 2030, 2083, 2052, 2066, 2089, 2090, 2130, 2058, 2186, 2193, 2238, 2215, 2105, 2180, 2156, 2234, 2268, 2166, 2250, 2266, 2404, 2186, 2053, 1999, 1971, 1922, 1821, 1700]"
"[385, 541, 747, 921, 1061, 1187, 1259, 1262, 1371, 1497, 1590, 1570, 1556, 1614, 1616, 1652, 1651, 1732, 1692, 1806, 1823, 1805, 1729, 1760, 1852, 1874, 1862, 1834, 1926, 1971, 1912, 1924, 1925, 2020, 1937, 1962, 2017, 2032, 1994, 1915, 1986, 1976, 1982, 1936, 1914, 1964, 1959, 1895, 2020, 2009, 2117, 2056, 2097, 2084, 2078, 2015, 2082, 2037, 2149, 2036, 2016, 2009, 2013, 2090, 2085, 1933, 1845, 1759, 1715, 1688, 1566, 1426]"
"[379, 554, 769, 936, 1034, 1125, 1138, 1074, 1168, 1351, 1446, 1382, 1325, 1405, 1409, 1468, 1475, 1415, 1432, 1468, 1525, 1530, 1447, 1477, 1563, 1497, 1688, 1656, 1731, 1705, 1652, 1649, 1678, 1807, 1635, 1616, 1671, 1638, 1687, 1673, 1771, 1822, 1767, 1762, 1710, 1788, 1707, 1749, 1872, 1828, 1795, 1664, 1705, 1725, 1614, 1630, 1680, 1672, 1603, 1590, 1549, 1669, 1601, 1720, 1719, 1498, 1288, 1244, 1226, 1113, 975, 904]"
"[411, 557, 683, 768, 760, 813, 878, 871, 899, 1001, 1039, 1002, 992, 1015, 989, 1038, 1040, 1063, 1088, 1106, 1157, 1143, 1129, 1110, 1174, 1151, 1116, 1148, 1180, 1178, 1194, 1171, 1171, 1154, 1182, 1124, 1167, 1149, 1197, 1213, 1271, 1193, 1245, 1223, 1221, 1227, 1276, 1299, 1253, 1303, 1388, 1353, 1349, 1321, 1367, 1308, 1371, 1339, 1321, 1330, 1383, 1426, 1421, 1388, 1377, 1119, 911, 737, 643, 598, 546, 525]"
"[337, 507, 636, 758, 792, 845, 961, 894, 951, 1058, 1114, 1052, 1116, 1147, 1141, 1206, 1216, 1217, 1240, 1219, 1228, 1324, 1264, 1185, 1247, 1265, 1215, 1291, 1305, 1256, 1291, 1297, 1319, 1341, 1271, 1281, 1347, 1328, 1346, 1347, 1413, 1365, 1359, 1343, 1356, 1342, 1374, 1310, 1339, 1378, 1306, 1340, 1359, 1355, 1344, 1298, 1305, 1332, 1279, 1248, 1218, 1319, 1251, 1224, 1177, 983, 768, 567, 422, 360, 336, 303]"
"[352, 506, 667, 776, 843, 934, 947, 967, 1012, 1100, 1118, 1024, 1036, 1055, 1060, 1146, 1170, 1163, 1224, 1116, 1089, 1137, 1088, 1127, 1167, 1153, 1045, 1139, 1192, 1127, 1157, 1178, 1165, 1130, 1243, 1142, 1153, 1238, 1244, 1260, 1280, 1193, 1178, 1299, 1186, 1231, 1272, 1286, 1219, 1244, 1278, 1270, 1194, 1272, 1294, 1234, 1169, 1221, 1233, 1293, 1215, 1302, 1229, 1175, 1222, 947, 717, 625, 546, 533, 473, 398]"
"[158, 118, 121, 165, 133, 187, 196, 156, 150, 198, 166, 187, 166, 181, 188, 141, 171, 184, 156, 157, 210, 183, 178, 187, 167, 191, 168, 175, 212, 151, 155, 170, 164, 208, 193, 196, 174, 159, 175, 201, 155, 166, 163, 145, 171, 200, 161, 182, 158, 207, 197, 133, 151, 201, 155, 158, 166, 160, 163, 180, 207, 186, 165, 163, 204, 80, 64, 41, 19, 13, 3, 1]"
"[164, 104, 106, 143, 121, 160, 169, 160, 163, 186, 131, 175, 159, 172, 142, 143, 158, 155, 133, 153, 184, 175, 171, 175, 157, 147, 145, 154, 166, 175, 151, 143, 153, 182, 168, 140, 169, 156, 146, 155, 156, 160, 135, 156, 160, 166, 154, 152, 138, 166, 148, 145, 135, 183, 169, 133, 141, 152, 139, 181, 153, 154, 148, 152, 172, 80, 70, 36, 28, 28, 14, 14]"
[]
[]
[]
[]
[]
[]
[]
[]
[]
[]
[]
[]
[]
[]
[]
[]
[]
[]
"[158, 118]"
"[164, 104]"
"[157, 106]"
"[239, 254]"
"[230, 231]"
"[224, 230]"
"[355, 474]"
"[329, 396]"
"[332, 347]"
"[453, 706]"
"[423, 573]"
"[417, 553]"
"[409, 604]"
"[385, 565]"
"[374, 514]"
"[405, 486]"
"[355, 460]"
"[314, 462]"
"[158, 118]"
"[164, 104]"
"[159, 115]"
"[239, 254]"
"[230, 231]"
"[220, 220]"
"[355, 474]"
"[329, 396]"
"[333, 348]"
"[453, 706]"
"[423, 573]"
"[413, 605]"
"[409, 604]"
"[385, 565]"
"[366, 512]"
"[405, 486]"
"[355, 460]"
"[340, 485]"
"[181, 110, 127, 164, 148, 166, 168, 157, 171, 168, 196, 209, 180, 167, 204, 164, 198, 171, 186, 178, 192, 154, 213, 172, 195, 185, 166, 177, 202, 138, 154, 215, 147, 166, 161, 197, 196, 150, 168, 206, 158, 145, 174, 154, 158, 152, 171, 175, 189, 177, 198, 142, 166, 193, 154, 165, 218, 178, 185, 171, 188, 153, 153, 178, 194, 76, 59, 49, 18, 9, 0, 0]"
"[163, 104, 121, 120, 124, 134, 151, 154, 179, 175, 150, 187, 135, 142, 145, 150, 180, 148, 186, 190, 161, 175, 156, 166, 166, 161, 169, 164, 155, 162, 131, 176, 144, 152, 177, 151, 143, 129, 145, 160, 159, 139, 144, 146, 157, 145, 137, 153, 183, 169, 164, 143, 126, 155, 155, 156, 162, 169, 163, 143, 139, 154, 147, 149, 160, 65, 49, 31, 15, 6, 1, 0]"
"[159, 101, 115, 127, 117, 142, 146, 165, 133, 148, 149, 162, 131, 137, 150, 152, 174, 152, 160, 173, 144, 162, 138, 157, 171, 159, 147, 166, 187, 152, 133, 168, 136, 139, 164, 153, 178, 153, 149, 133, 172, 134, 141, 146, 136, 150, 145, 156, 154, 149, 157, 146, 152, 161, 164, 140, 169, 155, 181, 143, 148, 127, 151, 141, 138, 73, 46, 29, 19, 1, 0, 0]"
"[260, 272, 290, 348, 374, 379, 367, 362, 373, 420, 367, 406, 430, 446, 418, 462, 422, 396, 431, 408, 465, 420, 349, 387, 415, 364, 442, 506, 397, 404, 405, 387, 412, 413, 370, 419, 411, 372, 417, 441, 432, 389, 485, 443, 415, 461, 462, 407, 468, 387, 429, 480, 468, 412, 434, 429, 413, 499, 518, 391, 434, 415, 427, 422, 447, 217, 150, 107, 43, 17, 8, 3]"
"[259, 249, 253, 311, 354, 384, 346, 340, 305, 347, 331, 438, 397, 371, 404, 397, 416, 389, 435, 400, 402, 358, 357, 370, 364, 329, 363, 405, 383, 399, 348, 362, 389, 417, 401, 457, 398, 367, 385, 362, 395, 381, 368, 387, 394, 407, 430, 408, 422, 386, 407, 426, 379, 388, 423, 411, 371, 424, 405, 399, 366, 392, 380, 326, 370, 175, 112, 84, 32, 18, 3, 2]"
"[257, 238, 240, 287, 351, 294, 307, 308, 304, 316, 321, 353, 341, 344, 343, 318, 352, 346, 344, 306, 340, 341, 276, 313, 318, 286, 312, 377, 328, 348, 305, 331, 345, 307, 342, 319, 297, 310, 321, 337, 338, 323, 337, 370, 355, 357, 345, 341, 327, 351, 363, 367, 359, 343, 364, 378, 353, 429, 373, 325, 352, 362, 333, 287, 351, 164, 93, 69, 30, 14, 9, 0]"
"[374, 464, 519, 637, 837, 757, 849, 919, 1116, 880, 972, 1006, 997, 909, 1088, 1050, 1003, 965, 1031, 1110, 959, 1022, 1037, 1198, 994, 1061, 1106, 1190, 1114, 1104, 1132, 1108, 1117, 1193, 1236, 1162, 1140, 1189, 1313, 1222, 1285, 1315, 1430, 1268, 1257, 1315, 1304, 1178, 1267, 1299, 1241, 1274, 1238, 1409, 1312, 1305, 1314, 1443, 1180, 1260, 1257, 1296, 1163, 1280, 1239, 1029, 822, 819, 646, 483, 480, 467]"
"[355, 463, 509, 649, 678, 785, 793, 875, 888, 939, 981, 902, 989, 804, 870, 867, 851, 866, 928, 843, 943, 919, 869, 921, 952, 1092, 1018, 1011, 999, 1059, 993, 1041, 1229, 1076, 1077, 1157, 1081, 1126, 1086, 1148, 1086, 1102, 1070, 1046, 991, 1093, 955, 1031, 988, 987, 984, 975, 952, 984, 1052, 994, 1053, 1014, 1057, 918, 948, 996, 1015, 945, 1028, 701, 438, 373, 338, 297, 193, 174]"
"[333, 353, 425, 495, 542, 611, 689, 757, 761, 720, 770, 703, 699, 644, 711, 642, 755, 773, 754, 734, 721, 703, 753, 814, 760, 799, 790, 830, 898, 728, 800, 738, 840, 726, 807, 704, 726, 794, 807, 784, 720, 711, 741, 798, 761, 669, 719, 680, 693, 745, 733, 870, 796, 810, 809, 836, 844, 787, 756, 779, 774, 797, 794, 876, 894, 634, 389, 360, 199, 167, 101, 84]"
"[455, 683, 843, 1023, 1392, 1296, 1428, 1642, 1613, 1619, 1689, 1836, 1816, 1763, 1935, 1871, 1904, 1912, 2034, 1902, 1932, 2141, 1932, 1970, 1888, 1966, 1865, 1899, 2077, 1917, 1858, 1872, 1955, 1985, 1931, 2154, 2044, 1970, 2107, 2153, 2117, 2217, 2265, 2179, 2144, 2283, 2122, 2256, 2277, 2269, 2215, 2184, 2430, 2252, 2281, 2229, 2263, 2211, 2122, 2291, 2118, 2141, 2309, 2172, 2152, 2008, 2069, 1908, 1886, 2032, 1999, 1995]"
"[455, 683, 843, 1023, 1392, 1296, 1428, 1642, 1613, 1619, 1689, 1836, 1816, 1763, 1935, 1871, 1904, 1912, 2034, 1902, 1932, 2141, 1932, 1970, 1888, 1966, 1865, 1899, 2077, 1917, 1858, 1872, 1955, 1985, 1931, 2154, 2044, 1970, 2107, 2153, 2117, 2217, 2265, 2179, 2144, 2283, 2122, 2256, 2277, 2269, 2215, 2184, 2430, 2252, 2281, 2229, 2263, 2211, 2122, 2291, 2118, 2141, 2309, 2172, 2152, 2008, 2069, 1908, 1886, 2032, 1999, 1995]"
"[431, 582, 825, 927, 1147, 1257, 1267, 1405, 1464, 1448, 1499, 1592, 1669, 1579, 1775, 1688, 1687, 1802, 1836, 1809, 1784, 1879, 1798, 1853, 1960, 1928, 1919, 1951, 1853, 1862, 2042, 1967, 1953, 1940, 1985, 2057, 2106, 2051, 2089, 1972, 1945, 2112, 2016, 2038, 1935, 1956, 2077, 2056, 1988, 1990, 1975, 2055, 2069, 2009, 1977, 2021, 1966, 2074, 2073, 2174, 2080, 2117, 2008, 2076, 2113, 1946, 1866, 1797, 1759, 1734, 1761, 1754]"
"[427, 575, 775, 923, 1030, 1150, 1300, 1286, 1364, 1395, 1511, 1584, 1551, 1584, 1607, 1668, 1651, 1684, 1627, 1621, 1677, 1707, 1658, 1660, 1720, 1860, 1835, 1743, 1705, 1652, 1682, 1663, 1719, 1825, 1801, 1875, 1783, 1722, 1825, 1839, 1866, 1842, 1862, 1847, 1835, 1863, 1946, 1900, 1903, 1925, 1909, 1778, 1882, 1794, 1864, 1960, 1835, 1916, 1808, 1883, 1874, 1852, 1849, 1781, 1814, 1659, 1578, 1472, 1488, 1471, 1532, 1478]"
"[459, 575, 801, 949, 1103, 1197, 1302, 1376, 1406, 1519, 1614, 1673, 1751, 1826, 1874, 1884, 1845, 1824, 1899, 1867, 1804, 1865, 1931, 1978, 2004, 1957, 1915, 2036, 1941, 2018, 2012, 1933, 1929, 2001, 2050, 2022, 2057, 1978, 1993, 2054, 1952, 1991, 2083, 2159, 2195, 2105, 2130, 2154, 2244, 2286, 2232, 2275, 2272, 2318, 2252, 2270, 2275, 2196, 2299, 2317, 2221, 2163, 2192, 2318, 2360, 2267, 2131, 2070, 1896, 1830, 1664, 1708]"
"[418, 522, 780, 817, 950, 1069, 1192, 1289, 1321, 1378, 1535, 1643, 1586, 1546, 1651, 1698, 1726, 1717, 1731, 1778, 1829, 1823, 1808, 1750, 1686, 1833, 1712, 1787, 1787, 1728, 1813, 1887, 1887, 1908, 1854, 1928, 1937, 1945, 1967, 1946, 1983, 1903, 1951, 1995, 2012, 2105, 2005, 2025, 2015, 1983, 2084, 2178, 2206, 2148, 2154, 2163, 2255, 2142, 2153, 2157, 2183, 2193, 2156, 2163, 2143, 1902, 1815, 1706, 1684, 1589, 1697, 1508]"
"[400, 572, 694, 859, 927, 1048, 1106, 1114, 1232, 1314, 1328, 1414, 1414, 1450, 1435, 1546, 1460, 1449, 1493, 1477, 1551, 1572, 1530, 1556, 1597, 1780, 1712, 1667, 1542, 1572, 1600, 1726, 1672, 1706, 1728, 1694, 1676, 1684, 1642, 1666, 1701, 1645, 1672, 1656, 1700, 1776, 1644, 1683, 1714, 1673, 1800, 1687, 1743, 1706, 1679, 1734, 1739, 1659, 1721, 1747, 1654, 1732, 1714, 1695, 1732, 1535, 1501, 1398, 1376, 1232, 1141, 1031]"
"[442, 520, 724, 748, 844, 949, 978, 921, 942, 899, 955, 1049, 1043, 1066, 1099, 1065, 1140, 1090, 1151, 1132, 1114, 1149, 1122, 1177, 1191, 1202, 1238, 1284, 1302, 1304, 1284, 1312, 1315, 1288, 1302, 1322, 1344, 1382, 1277, 1312, 1331, 1343, 1338, 1377, 1444, 1420, 1393, 1351, 1325, 1328, 1300, 1330, 1290, 1343, 1317, 1387, 1326, 1399, 1368, 1375, 1404, 1397, 1421, 1389, 1378, 1084, 964, 727, 652, 652, 609, 588]"
"[393, 483, 643, 744, 784, 840, 926, 969, 1005, 967, 998, 1027, 1016, 993, 1051, 1043, 1037, 1097, 1147, 1214, 1225, 1184, 1240, 1289, 1224, 1299, 1309, 1231, 1275, 1250, 1330, 1229, 1278, 1319, 1336, 1311, 1334, 1334, 1331, 1294, 1314, 1305, 1360, 1376, 1409, 1464, 1343, 1326, 1322, 1344, 1246, 1276, 1291, 1327, 1331, 1374, 1386, 1296, 1318, 1320, 1314, 1235, 1249, 1260, 1212, 932, 745, 514, 392, 344, 300, 244]"
"[385, 500, 613, 684, 797, 915, 954, 982, 1050, 1003, 1102, 1213, 1105, 1078, 1091, 1110, 1076, 1179, 1183, 1278, 1232, 1169, 1263, 1242, 1270, 1293, 1256, 1220, 1232, 1219, 1171, 1161, 1168, 1175, 1250, 1208, 1272, 1262, 1253, 1268, 1275, 1149, 1133, 1263, 1263, 1244, 1245, 1228, 1200, 1257, 1185, 1194, 1180, 1162, 1165, 1232, 1238, 1251, 1218, 1261, 1362, 1312, 1328, 1299, 1241, 1005, 781, 595, 574, 506, 500, 453]"
"[176, 93, 131, 150, 146, 156, 168, 139, 170, 163, 172, 170, 170, 195, 199, 142, 170, 174, 139, 167, 179, 152, 162, 170, 168, 217, 155, 176, 236, 171, 172, 217, 178, 189, 205, 189, 183, 177, 160, 200, 167, 190, 202, 187, 169, 157, 201, 169, 166, 163, 166, 167, 186, 227, 140, 192, 183, 149, 173, 187, 217, 191, 166, 189, 198, 85, 83, 62, 22, 15, 2, 1]"
"[164, 85, 123, 132, 138, 164, 146, 172, 161, 142, 160, 158, 176, 169, 151, 157, 148, 139, 165, 146, 127, 151, 149, 160, 158, 184, 156, 156, 188, 161, 182, 164, 172, 200, 176, 132, 146, 127, 164, 169, 162, 175, 179, 198, 164, 156, 166, 130, 150, 130, 124, 168, 162, 159, 149, 177, 184, 149, 171, 155, 182, 171, 168, 175, 166, 79, 61, 42, 14, 6, 1, 0]"
"[163, 82, 115, 128, 130, 140, 154, 162, 153, 133, 134, 149, 167, 171, 161, 141, 166, 146, 140, 136, 137, 142, 140, 141, 135, 163, 135, 160, 190, 156, 166, 173, 190, 169, 172, 141, 162, 167, 120, 148, 167, 165, 169, 159, 162, 138, 165, 141, 149, 122, 124, 153, 138, 181, 124, 154, 140, 138, 156, 156, 159, 167, 155, 150, 155, 85, 42, 39, 15, 7, 1, 0]"
"[252, 228, 315, 392, 372, 400, 376, 385, 438, 448, 411, 441, 429, 457, 442, 479, 426, 423, 444, 401, 414, 508, 419, 439, 421, 410, 396, 447, 415, 438, 464, 444, 467, 507, 485, 437, 493, 406, 410, 522, 478, 398, 495, 423, 431, 453, 484, 455, 505, 469, 457, 464, 479, 334, 448, 401, 448, 471, 463, 386, 419, 430, 398, 407, 446, 218, 142, 108, 54, 18, 6, 4]"
"[250, 231, 280, 324, 375, 393, 346, 355, 418, 393, 372, 373, 419, 428, 363, 371, 404, 458, 432, 365, 351, 358, 389, 419, 393, 359, 355, 380, 388, 366, 408, 403, 390, 432, 434, 397, 411, 382, 410, 446, 428, 420, 406, 399, 377, 377, 376, 396, 373, 436, 418, 450, 399, 330, 375, 370, 387, 395, 362, 388, 375, 410, 402, 364, 372, 190, 107, 52, 41, 9, 7, 4]"
"[241, 199, 250, 312, 296, 309, 320, 314, 356, 337, 332, 308, 354, 352, 331, 333, 333, 321, 349, 318, 324, 349, 344, 321, 330, 331, 355, 358, 325, 346, 320, 344, 377, 384, 359, 357, 348, 315, 318, 374, 399, 334, 342, 325, 348, 350, 348, 356, 332, 382, 357, 364, 366, 289, 352, 337, 392, 378, 313, 345, 358, 326, 363, 317, 327, 183, 91, 67, 54, 15, 5, 0]"
"[384, 507, 520, 675, 869, 721, 806, 914, 1015, 866, 910, 952, 986, 913, 1040, 1062, 1041, 1014, 1014, 1158, 1011, 996, 1035, 1215, 983, 1019, 1109, 1202, 1135, 1143, 1268, 1203, 1135, 1274, 1280, 1207, 1183, 1256, 1429, 1212, 1258, 1297, 1337, 1168, 1257, 1297, 1348, 1251, 1322, 1321, 1314, 1306, 1314, 1398, 1255, 1294, 1261, 1526, 1367, 1324, 1374, 1480, 1252, 1346, 1340, 1078, 835, 802, 651, 515, 494, 455]"
"[356, 458, 497, 660, 747, 723, 753, 812, 932, 897, 904, 857, 943, 923, 964, 993, 967, 932, 942, 897, 898, 894, 924, 839, 897, 910, 887, 998, 985, 918, 954, 973, 887, 899, 1049, 889, 893, 1014, 820, 834, 942, 910, 878, 959, 972, 904, 954, 965, 945, 872, 976, 973, 882, 928, 905, 908, 1005, 939, 946, 928, 918, 965, 919, 982, 906, 671, 537, 408, 364, 299, 222, 176]"
"[339, 398, 463, 518, 591, 586, 644, 655, 781, 798, 710, 695, 710, 769, 826, 875, 871, 867, 876, 799, 824, 757, 752, 801, 794, 758, 772, 813, 867, 873, 838, 869, 839, 900, 931, 883, 934, 831, 937, 841, 844, 764, 721, 767, 816, 819, 866, 763, 797, 772, 781, 821, 717, 760, 827, 853, 902, 878, 889, 859, 805, 838, 878, 837, 829, 588, 444, 374, 355, 309, 262, 163]"
"[429, 673, 858, 1015, 1446, 1335, 1484, 1656, 1566, 1665, 1689, 1831, 1783, 1720, 1909, 1816, 1847, 1856, 1911, 1844, 1878, 2007, 1932, 1934, 1918, 1993, 1946, 1906, 2185, 1958, 1957, 2097, 2074, 2053, 1901, 2249, 2118, 2051, 2175, 2124, 2050, 2125, 2270, 2132, 2081, 2166, 2088, 2153, 2136, 2209, 2125, 2147, 2262, 2103, 2167, 2214, 2282, 2277, 2220, 2302, 2147, 2216, 2298, 2241, 2250, 2028, 2175, 1962, 2035, 2181, 2167, 2143]"
"[390, 601, 759, 979, 1148, 1311, 1366, 1369, 1430, 1491, 1612, 1659, 1644, 1734, 1673, 1587, 1773, 1765, 1694, 1749, 1756, 1788, 1945, 1811, 1877, 1920, 1927, 1921, 1918, 1917, 1940, 1950, 1990, 1939, 1863, 1866, 1896, 1868, 1852, 1938, 1965, 1937, 1947, 1958, 1995, 2018, 1966, 2070, 2152, 2141, 2105, 2064, 2053, 2006, 2037, 2100, 2075, 2058, 2044, 2028, 2040, 2075, 2124, 2235, 2127, 1982, 1895, 1803, 1822, 1808, 1747, 1699]"
"[398, 537, 748, 829, 1031, 1150, 1279, 1336, 1326, 1357, 1391, 1442, 1429, 1424, 1433, 1427, 1525, 1612, 1581, 1595, 1604, 1718, 1727, 1669, 1641, 1725, 1719, 1725, 1788, 1824, 1797, 1885, 1732, 1731, 1711, 1724, 1774, 1775, 1774, 1686, 1761, 1730, 1789, 1836, 1760, 1770, 1854, 1757, 1790, 1841, 1826, 1904, 1778, 1731, 1759, 1780, 1924, 1938, 1857, 1909, 1859, 1928, 1851, 1940, 1968, 1786, 1659, 1578, 1548, 1534, 1558, 1470]"
"[419, 606, 813, 951, 1158, 1189, 1301, 1401, 1459, 1628, 1580, 1595, 1688, 1804, 1823, 1764, 1768, 1789, 1824, 1854, 1847, 1769, 1848, 1942, 1908, 1936, 1930, 2047, 2010, 2012, 1893, 1951, 1907, 2010, 2068, 2043, 1983, 1951, 1955, 2060, 1945, 2129, 2142, 2276, 2300, 2252, 2212, 2109, 2172, 2247, 2208, 2313, 2302, 2305, 2310, 2246, 2263, 2361, 2265, 2297, 2323, 2299, 2312, 2371, 2461, 2181, 2161, 2135, 2071, 2032, 1874, 1781]"
"[372, 547, 744, 867, 1026, 1126, 1284, 1267, 1299, 1500, 1526, 1532, 1536, 1619, 1636, 1655, 1727, 1687, 1734, 1763, 1818, 1747, 1836, 1832, 1832, 1863, 1946, 1974, 1948, 1964, 1957, 1981, 2017, 1997, 2080, 1999, 2007, 2029, 2041, 2016, 2062, 2062, 2205, 2192, 2223, 2264, 2237, 2318, 2193, 2241, 2284, 2240, 2192, 2175, 2214, 2082, 2055, 2092, 2184, 2309, 2251, 2197, 2221, 2252, 2191, 2139, 2085, 1967, 1884, 1817, 1687, 1699]"
"[386, 520, 693, 837, 984, 1054, 1131, 1115, 1245, 1411, 1393, 1406, 1439, 1426, 1464, 1376, 1486, 1540, 1446, 1475, 1526, 1600, 1594, 1621, 1579, 1613, 1698, 1678, 1654, 1687, 1753, 1742, 1723, 1706, 1637, 1734, 1698, 1730, 1707, 1755, 1702, 1763, 1812, 1695, 1734, 1792, 1717, 1819, 1875, 1864, 1826, 1742, 1771, 1756, 1770, 1827, 1860, 1876, 1732, 1761, 1711, 1788, 1797, 1742, 1843, 1704, 1544, 1366, 1351, 1213, 1115, 929]"
"[414, 540, 667, 706, 831, 838, 896, 992, 968, 991, 1009, 1047, 1062, 1069, 1110, 1129, 1074, 1080, 1086, 1142, 1166, 1210, 1213, 1146, 1134, 1201, 1226, 1240, 1196, 1197, 1164, 1218, 1279, 1254, 1250, 1183, 1243, 1260, 1278, 1245, 1303, 1298, 1291, 1323, 1299, 1279, 1353, 1306, 1278, 1306, 1278, 1288, 1307, 1291, 1317, 1311, 1354, 1290, 1325, 1265, 1329, 1302, 1266, 1282, 1328, 1032, 883, 698, 618, 579, 575, 574]"
"[366, 474, 646, 644, 812, 909, 965, 972, 1077, 909, 920, 1003, 1071, 1080, 1118, 1056, 1052, 1068, 1094, 1073, 1117, 1043, 1097, 1075, 1082, 1115, 1111, 1114, 1049, 1046, 1040, 1070, 1112, 1166, 1128, 1117, 1064, 1096, 1108, 1128, 1161, 1160, 1207, 1238, 1269, 1267, 1190, 1273, 1211, 1177, 1290, 1219, 1312, 1298, 1331, 1342, 1400, 1274, 1345, 1281, 1329, 1280, 1324, 1278, 1310, 1058, 789, 500, 366, 365, 344, 316]"
"[354, 466, 639, 707, 793, 877, 950, 1067, 978, 977, 1097, 1083, 1105, 1122, 1188, 1224, 1170, 1181, 1139, 1249, 1190, 1202, 1203, 1183, 1188, 1225, 1297, 1229, 1185, 1124, 1157, 1216, 1234, 1293, 1244, 1202, 1223, 1203, 1216, 1188, 1173, 1133, 1294, 1345, 1341, 1303, 1203, 1258, 1182, 1161, 1286, 1184, 1120, 1193, 1214, 1249, 1273, 1189, 1218, 1136, 1230, 1307, 1284, 1268, 1276, 1093, 770, 661, 559, 486, 456, 416]"
"[188, 130, 139, 160, 157, 160, 190, 184, 168, 171, 186, 152, 155, 165, 218, 168, 189, 184, 141, 213, 204, 172, 186, 180, 169, 200, 175, 157, 190, 127, 123, 156, 132, 166, 186, 172, 165, 145, 166, 224, 139, 156, 167, 136, 157, 180, 162, 158, 160, 189, 228, 163, 169, 196, 170, 163, 168, 168, 168, 177, 163, 165, 154, 164, 196, 51, 61, 47, 18, 16, 2, 0]"
"[181, 123, 150, 143, 147, 151, 194, 183, 152, 150, 151, 137, 137, 142, 160, 184, 148, 154, 150, 184, 171, 158, 165, 172, 138, 195, 173, 152, 180, 123, 110, 120, 140, 153, 173, 166, 147, 137, 149, 199, 154, 137, 142, 141, 162, 132, 166, 150, 153, 161, 174, 176, 150, 161, 171, 158, 150, 157, 159, 170, 140, 140, 120, 170, 133, 72, 43, 37, 15, 3, 1, 0]"
"[181, 124, 132, 118, 140, 128, 160, 156, 146, 138, 124, 123, 145, 152, 156, 160, 163, 149, 151, 183, 177, 155, 158, 156, 141, 171, 159, 140, 167, 127, 121, 125, 144, 149, 161, 150, 163, 136, 154, 142, 160, 130, 140, 109, 140, 153, 123, 158, 161, 166, 177, 168, 160, 157, 151, 161, 134, 184, 176, 155, 130, 142, 134, 144, 125, 63, 53, 39, 5, 6, 0, 0]"
"[259, 248, 298, 328, 370, 421, 391, 397, 435, 409, 362, 395, 404, 393, 428, 498, 416, 376, 405, 401, 405, 495, 373, 415, 488, 465, 489, 501, 434, 408, 477, 428, 398, 406, 417, 415, 499, 457, 442, 506, 445, 403, 516, 418, 412, 418, 439, 390, 461, 371, 449, 438, 416, 369, 408, 418, 404, 403, 442, 412, 439, 412, 406, 384, 436, 202, 158, 129, 69, 22, 10, 3]"
"[261, 258, 280, 280, 392, 371, 383, 405, 353, 386, 332, 375, 374, 352, 370, 448, 425, 352, 379, 428, 404, 372, 384, 444, 441, 469, 439, 461, 460, 350, 433, 394, 422, 323, 407, 448, 389, 463, 377, 400, 455, 430, 536, 422, 381, 382, 364, 407, 367, 380, 441, 377, 402, 401, 375, 414, 422, 379, 379, 399, 408, 412, 373, 371, 353, 202, 131, 95, 85, 16, 9, 4]"
"[245, 248, 240, 286, 337, 323, 351, 329, 310, 340, 299, 328, 327, 370, 394, 491, 406, 373, 388, 469, 454, 434, 419, 392, 426, 400, 402, 383, 358, 345, 346, 344, 329, 296, 355, 362, 367, 361, 322, 376, 365, 392, 382, 341, 325, 354, 381, 335, 345, 301, 375, 316, 314, 307, 368, 346, 329, 318, 340, 364, 320, 323, 371, 336, 298, 203, 136, 79, 43, 18, 3, 3]"
"[383, 480, 520, 611, 850, 771, 834, 902, 1018, 910, 1051, 1032, 1046, 988, 1053, 1109, 1044, 1042, 1106, 1206, 1046, 1066, 1132, 1247, 1074, 1122, 1157, 1263, 1084, 1164, 1262, 1218, 1165, 1163, 1246, 1153, 1107, 1116, 1327, 1150, 1137, 1210, 1294, 1166, 1223, 1238, 1258, 1186, 1305, 1325, 1278, 1227, 1281, 1405, 1254, 1226, 1193, 1370, 1152, 1215, 1182, 1269, 1179, 1180, 1180, 989, 771, 773, 681, 470, 468, 455]"
"[349, 457, 466, 554, 640, 825, 846, 883, 900, 857, 901, 999, 881, 897, 895, 918, 861, 934, 863, 916, 943, 865, 950, 898, 880, 882, 1038, 984, 893, 960, 980, 920, 958, 929, 861, 899, 916, 838, 935, 1020, 948, 963, 979, 902, 935, 873, 875, 949, 1012, 935, 996, 916, 927, 1010, 1017, 907, 943, 1043, 915, 999, 896, 980, 962, 837, 954, 652, 427, 453, 281, 257, 200, 180]"
"[349, 392, 460, 492, 529, 662, 665, 701, 663, 756, 672, 712, 734, 705, 682, 718, 733, 741, 700, 675, 703, 705, 696, 753, 687, 711, 703, 747, 648, 688, 743, 679, 752, 679, 727, 697, 623, 649, 798, 758, 864, 859, 859, 853, 842, 720, 812, 814, 814, 885, 854, 814, 861, 906, 870, 830, 800, 869, 830, 820, 775, 856, 824, 733, 712, 485, 398, 316, 267, 169, 156, 146]"
"[468, 735, 846, 1020, 1436, 1344, 1447, 1661, 1650, 1662, 1757, 1893, 1807, 1834, 1908, 1849, 1913, 1933, 1986, 1898, 1970, 2159, 2037, 2035, 2072, 2082, 1981, 1880, 2200, 2081, 2011, 2166, 2110, 2065, 1991, 2232, 2117, 2162, 2209, 2177, 2207, 2126, 2209, 2061, 2057, 2193, 2192, 2210, 2177, 2205, 2112, 2204, 2284, 2145, 2196, 2118, 2157, 2142, 2137, 2280, 2113, 2099, 2257, 2248, 2280, 2071, 2083, 1990, 1912, 2106, 1983, 2015]"
"[430, 618, 782, 939, 1120, 1251, 1423, 1500, 1563, 1541, 1566, 1589, 1664, 1632, 1652, 1746, 1797, 1829, 1950, 1862, 1845, 1871, 1835, 1848, 1872, 2032, 1990, 1953, 1891, 2034, 2005, 1998, 2030, 1975, 2068, 2079, 2106, 2131, 2021, 2032, 2104, 2090, 1980, 1991, 2066, 2101, 2048, 2009, 1908, 2097, 2047, 2072, 2106, 2122, 2136, 2085, 2103, 2169, 2158, 2232, 2102, 2018, 2040, 2115, 2085, 2038, 1819, 1803, 1777, 1787, 1727, 1719]"
"[421, 599, 739, 921, 1035, 1209, 1298, 1523, 1500, 1500, 1564, 1491, 1571, 1561, 1581, 1662, 1722, 1796, 1763, 1764, 1767, 1756, 1703, 1748, 1717, 1766, 1713, 1766, 1762, 1802, 1821, 1806, 1754, 1729, 1832, 1783, 1912, 1874, 1894, 1940, 1895, 1840, 1931, 2034, 1939, 1942, 1956, 1984, 1969, 2016, 1968, 1993, 2079, 2102, 2058, 2008, 2014, 1931, 1886, 1983, 1940, 1985, 1844, 1914, 1918, 1778, 1706, 1668, 1519, 1552, 1459, 1459]"
"[442, 587, 812, 982, 1130, 1186, 1328, 1402, 1543, 1630, 1607, 1588, 1660, 1762, 1864, 1751, 1736, 1764, 1854, 1832, 1909, 1869, 1992, 1987, 2053, 1918, 1929, 1963, 1957, 2045, 1926, 1866, 2000, 2028, 2082, 2039, 1957, 2015, 2031, 2071, 1938, 1943, 1987, 2087, 2076, 2072, 2084, 2037, 2107, 2150, 2143, 2257, 2264, 2318, 2450, 2357, 2356, 2242, 2278, 2347, 2225, 2146, 2231, 2356, 2374, 2173, 2134, 2085, 2069, 2129, 1912, 1870]"
"[410, 525, 734, 870, 961, 1115, 1284, 1384, 1466, 1383, 1431, 1513, 1475, 1492, 1582, 1574, 1544, 1594, 1701, 1734, 1758, 1772, 1752, 1689, 1825, 1801, 1808, 1781, 1826, 1856, 1768, 1791, 1794, 1886, 1855, 1927, 1985, 1887, 1945, 1949, 1862, 1866, 1948, 2006, 2062, 2078, 2074, 2059, 2009, 1976, 1994, 2111, 2147, 2075, 2137, 2134, 2166, 2075, 2125, 2191, 2150, 2171, 2223, 2193, 2108, 1940, 1825, 1827, 1769, 1688, 1509, 1596]"
"[407, 507, 716, 874, 939, 1194, 1223, 1307, 1387, 1326, 1339, 1242, 1306, 1337, 1454, 1508, 1524, 1437, 1560, 1535, 1543, 1518, 1524, 1617, 1591, 1591, 1635, 1629, 1621, 1692, 1679, 1755, 1802, 1746, 1762, 1792, 1795, 1807, 1807, 1844, 1725, 1751, 1725, 1876, 1882, 1745, 1830, 1839, 1878, 1866, 1814, 1831, 1899, 1850, 1822, 1825, 1821, 1877, 1808, 1881, 1909, 1863, 1845, 1881, 1936, 1812, 1679, 1527, 1487, 1298, 1174, 968]"
"[438, 555, 622, 724, 818, 855, 910, 894, 953, 985, 1042, 1027, 990, 1013, 1058, 1089, 1027, 1122, 1156, 1212, 1211, 1227, 1247, 1264, 1282, 1277, 1283, 1337, 1273, 1316, 1363, 1263, 1354, 1362, 1353, 1333, 1390, 1354, 1386, 1384, 1383, 1301, 1293, 1318, 1305, 1351, 1365, 1318, 1305, 1395, 1394, 1397, 1316, 1420, 1402, 1358, 1427, 1412, 1377, 1397, 1425, 1369, 1311, 1320, 1321, 1129, 889, 720, 616, 656, 566, 556]"
"[377, 470, 645, 685, 785, 880, 900, 948, 986, 1019, 1100, 1036, 964, 1007, 1010, 1052, 989, 1112, 1176, 1246, 1151, 1142, 1211, 1181, 1175, 1155, 1142, 1240, 1180, 1187, 1292, 1190, 1281, 1180, 1190, 1201, 1281, 1240, 1233, 1269, 1244, 1171, 1204, 1294, 1193, 1290, 1281, 1268, 1280, 1306, 1234, 1292, 1256, 1280, 1365, 1321, 1360, 1333, 1381, 1300, 1363, 1289, 1337, 1337, 1409, 1126, 880, 603, 465, 452, 356, 318]"
"[368, 485, 542, 685, 844, 932, 978, 916, 882, 1040, 1026, 1046, 1065, 1009, 1053, 1074, 1000, 1051, 1080, 1095, 1076, 1079, 1152, 1088, 1086, 1125, 1150, 1201, 1102, 1115, 1195, 1096, 1184, 1257, 1187, 1143, 1102, 1065, 1187, 1179, 1174, 1129, 1178, 1246, 1307, 1246, 1273, 1123, 1214, 1269, 1222, 1255, 1216, 1213, 1256, 1228, 1291, 1306, 1259, 1269, 1236, 1368, 1223, 1175, 1109, 946, 741, 628, 503, 494, 431, 333]"
